{
  "pizza_crust": {
    "precision": 1.0,
    "recall": 1.0,
    "f1-score": 1.0,
    "support": 24,
    "confused_with": {}
  },
  "anti_pizza_type": {
    "precision": 0.979381443298969,
    "recall": 1.0,
    "f1-score": 0.9895833333333333,
    "support": 95,
    "confused_with": {}
  },
  "pizza_size": {
    "precision": 0.9761904761904762,
    "recall": 0.924812030075188,
    "f1-score": 0.9498069498069498,
    "support": 133,
    "confused_with": {
      "pizza_amount": 10
    }
  },
  "phone_number": {
    "precision": 1.0,
    "recall": 1.0,
    "f1-score": 1.0,
    "support": 4,
    "confused_with": {}
  },
  "pizza_amount": {
    "precision": 0.9019607843137255,
    "recall": 1.0,
    "f1-score": 0.9484536082474228,
    "support": 92,
    "confused_with": {}
  },
  "client_name": {
    "precision": 1.0,
    "recall": 1.0,
    "f1-score": 1.0,
    "support": 4,
    "confused_with": {}
  },
  "PERSON": {
    "precision": 1.0,
    "recall": 1.0,
    "f1-score": 1.0,
    "support": 10,
    "confused_with": {}
  },
  "pizza_category": {
    "precision": 1.0,
    "recall": 1.0,
    "f1-score": 1.0,
    "support": 16,
    "confused_with": {}
  },
  "pizza_sliced": {
    "precision": 1.0,
    "recall": 1.0,
    "f1-score": 1.0,
    "support": 3,
    "confused_with": {}
  },
  "pizza_type": {
    "precision": 1.0,
    "recall": 1.0,
    "f1-score": 1.0,
    "support": 220,
    "confused_with": {}
  },
  "micro avg": {
    "precision": 0.9752475247524752,
    "recall": 0.9833610648918469,
    "f1-score": 0.9792874896437448,
    "support": 601
  },
  "macro avg": {
    "precision": 0.9857532703803171,
    "recall": 0.9924812030075187,
    "f1-score": 0.9887843891387706,
    "support": 601
  },
  "weighted avg": {
    "precision": 0.976464164065887,
    "recall": 0.9833610648918469,
    "f1-score": 0.9793551962558301,
    "support": 601
  },
  "accuracy": 0.9927395934172314
}