{
  "pizza_size": {
    "precision": 0.961038961038961,
    "recall": 0.9866666666666667,
    "f1-score": 0.9736842105263157,
    "support": 75,
    "confused_with": {}
  },
  "pizza_type": {
    "precision": 0.9703703703703703,
    "recall": 0.8675496688741722,
    "f1-score": 0.916083916083916,
    "support": 151,
    "confused_with": {}
  },
  "pizza_amount": {
    "precision": 0.9607843137254902,
    "recall": 0.98,
    "f1-score": 0.9702970297029702,
    "support": 50,
    "confused_with": {}
  },
  "micro avg": {
    "precision": 0.9657794676806084,
    "recall": 0.9202898550724637,
    "f1-score": 0.9424860853432282,
    "support": 276
  },
  "macro avg": {
    "precision": 0.9640645483782739,
    "recall": 0.9447387785136129,
    "f1-score": 0.9533550521044006,
    "support": 276
  },
  "weighted avg": {
    "precision": 0.96609805684827,
    "recall": 0.9202898550724637,
    "f1-score": 0.941557386243817,
    "support": 276
  },
  "accuracy": 0.9707271010387157
}