{
  "init_pizza_question": {
    "precision": 1.0,
    "recall": 0.9318181818181818,
    "f1-score": 0.9647058823529412,
    "support": 44,
    "confused_with": {
      "out_of_scope": 2,
      "item_start_generic": 1
    }
  },
  "response_negative": {
    "precision": 0.8333333333333334,
    "recall": 0.8333333333333334,
    "f1-score": 0.8333333333333334,
    "support": 6,
    "confused_with": {
      "item_change": 1
    }
  },
  "item_start_generic": {
    "precision": 0.8709677419354839,
    "recall": 0.8709677419354839,
    "f1-score": 0.8709677419354839,
    "support": 93,
    "confused_with": {
      "item_topping": 5,
      "item_size": 4
    }
  },
  "item_topping": {
    "precision": 0.5789473684210527,
    "recall": 0.6470588235294118,
    "f1-score": 0.6111111111111113,
    "support": 17,
    "confused_with": {
      "item_start_generic": 4,
      "response_positive": 1
    }
  },
  "order_delivery_address": {
    "precision": 1.0,
    "recall": 1.0,
    "f1-score": 1.0,
    "support": 10,
    "confused_with": {}
  },
  "response_positive": {
    "precision": 0.6923076923076923,
    "recall": 0.8181818181818182,
    "f1-score": 0.7500000000000001,
    "support": 11,
    "confused_with": {
      "item_topping": 1,
      "item_size": 1
    }
  },
  "out_of_scope": {
    "precision": 0.4444444444444444,
    "recall": 0.4444444444444444,
    "f1-score": 0.4444444444444444,
    "support": 9,
    "confused_with": {
      "request_restaurant_location": 3,
      "item_change": 1
    }
  },
  "item_size": {
    "precision": 0.45454545454545453,
    "recall": 0.45454545454545453,
    "f1-score": 0.45454545454545453,
    "support": 11,
    "confused_with": {
      "item_start_generic": 4,
      "response_positive": 2
    }
  },
  "request_restaurant_location": {
    "precision": 0.4,
    "recall": 0.3333333333333333,
    "f1-score": 0.3636363636363636,
    "support": 6,
    "confused_with": {
      "out_of_scope": 3,
      "item_start_generic": 1
    }
  },
  "explain": {
    "precision": 1.0,
    "recall": 0.7777777777777778,
    "f1-score": 0.8750000000000001,
    "support": 9,
    "confused_with": {
      "welcome_greet": 1,
      "response_positive": 1
    }
  },
  "item_amount": {
    "precision": 0.6363636363636364,
    "recall": 0.7,
    "f1-score": 0.6666666666666666,
    "support": 10,
    "confused_with": {
      "item_topping": 2,
      "welcome_greet": 1
    }
  },
  "welcome_greet": {
    "precision": 0.7857142857142857,
    "recall": 0.7857142857142857,
    "f1-score": 0.7857142857142857,
    "support": 14,
    "confused_with": {
      "response_negative": 1,
      "item_change": 1
    }
  },
  "item_change": {
    "precision": 0.7142857142857143,
    "recall": 0.7692307692307693,
    "f1-score": 0.7407407407407408,
    "support": 13,
    "confused_with": {
      "item_start_generic": 2,
      "item_size": 1
    }
  },
  "accuracy": 0.8023715415019763,
  "macro avg": {
    "precision": 0.723916128565469,
    "recall": 0.7204927664495612,
    "f1-score": 0.7200666172677559,
    "support": 253
  },
  "weighted avg": {
    "precision": 0.8083274329165737,
    "recall": 0.8023715415019763,
    "f1-score": 0.8041069651799714,
    "support": 253
  },
  "micro avg": {
    "precision": 0.8023715415019763,
    "recall": 0.8023715415019763,
    "f1-score": 0.8023715415019763,
    "support": 253
  }
}